query_id	query_text	rank	doc_id	score
254	+what is cchaps	1	7373206	17.3859955932856
254	+what is cchaps	2	7373205	16.26544766572216
254	+what is cchaps	3	7373204	15.85665560139892
255	+what is centure	1	5337494	16.883701561739528
255	+what is centure	2	7629888	15.704311369973196
255	+what is centure	3	2332343	15.27743675372195
255	+what is centure	4	8672868	15.072585235978094
255	+what is centure	5	7942983	13.950251591592302
255	+what is centure	6	8740723	12.690323752809526
255	+what is centure	7	3534898	12.548656047129782
255	+what is centure	8	2624439	12.142015939139485
255	+what is centure	9	8080899	11.88525425587245
255	+what is centure	10	2280509	11.402986718300756
1724	< symbol	1	901289	10.804106157772686
1724	< symbol	2	7040513	10.712428538256683
1724	< symbol	3	330189	10.548631290745037
1724	< symbol	4	330186	10.548631290745037
1724	< symbol	5	330188	10.535487705230079
1724	< symbol	6	330187	10.513372759536452
1724	< symbol	7	3353273	10.431976378052354
1724	< symbol	8	1244169	10.414651870909909
1724	< symbol	9	7971836	10.391735608015605
1724	< symbol	10	1091451	10.383762129485397
4288	How to have sex	1	5601661	10.331804171254714
4288	How to have sex	2	8397394	10.285989280990554
4288	How to have sex	3	873941	10.255018968033507
4288	How to have sex	4	3527665	10.217052778348553
4288	How to have sex	5	3154655	10.204538294316578
4288	How to have sex	6	1314219	10.195084359771231
4288	How to have sex	7	4293186	10.179366669036224
4288	How to have sex	8	2806469	10.16691505099238
4288	How to have sex	9	309973	10.166827367335372
4288	How to have sex	10	4598378	10.138900978497944
7354	What is my ethnicity	1	8721023	13.009673757528194
7354	What is my ethnicity	2	4742620	12.96866283782917
7354	What is my ethnicity	3	4286243	12.814851993389619
7354	What is my ethnicity	4	4286246	12.77971622490698
7354	What is my ethnicity	5	4463943	12.77971622490698
7354	What is my ethnicity	6	6849222	12.712567180016881
7354	What is my ethnicity	7	4246109	12.657000242646157
7354	What is my ethnicity	8	301574	12.63691181577928
7354	What is my ethnicity	9	5315331	12.625779107687148
7354	What is my ethnicity	10	4655970	12.586968623509849
9340	a mutation is	1	1307633	13.208528855632112
9340	a mutation is	2	951868	13.109871118397523
9340	a mutation is	3	450025	13.101564037851844
9340	a mutation is	4	2917314	12.928864910483437
9340	a mutation is	5	1808727	12.926896861119054
9340	a mutation is	6	8799571	12.882317021697105
9340	a mutation is	7	1370509	12.872520752434916
9340	a mutation is	8	8612630	12.864618965895067
9340	a mutation is	9	8135964	12.82779778744428
9340	a mutation is	10	1307632	12.82779778744428
9351	a novel is a _____.	1	425159	11.701898483294718
9351	a novel is a _____.	2	8794243	11.666474801113688
9351	a novel is a _____.	3	7162299	11.617021565973623
9351	a novel is a _____.	4	3113367	11.429105550805302
9351	a novel is a _____.	5	3049840	11.410551910628133
9351	a novel is a _____.	6	4316285	11.361622218482658
9351	a novel is a _____.	7	2458138	11.361622218482658
9351	a novel is a _____.	8	8818382	11.361622218482658
9351	a novel is a _____.	9	7160625	11.317074323688349
9351	a novel is a _____.	10	5545053	11.317074323688349
16453	amendment you can be who you are	1	7309616	11.65336805883167
16453	amendment you can be who you are	2	234632	11.486854124762608
16453	amendment you can be who you are	3	6214128	11.308318750974435
16453	amendment you can be who you are	4	5339945	11.272075937624317
16453	amendment you can be who you are	5	5380203	11.261572285736511
16453	amendment you can be who you are	6	6419370	11.244016127677895
16453	amendment you can be who you are	7	4150098	11.244016127677895
16453	amendment you can be who you are	8	2516688	11.236064696294342
16453	amendment you can be who you are	9	8654254	11.209067515530448
16453	amendment you can be who you are	10	3258484	11.204966274200155
27302	ash who is ash.	1	1514389	27.534554993598974
27302	ash who is ash.	2	1514386	27.510113295520437
27302	ash who is ash.	3	5472249	27.31426159121804
27302	ash who is ash.	4	1514393	27.105202502589766
27302	ash who is ash.	5	6959114	26.892269744908873
27302	ash who is ash.	6	6959109	26.803128798351164
27302	ash who is ash.	7	8195223	26.792631292070062
27302	ash who is ash.	8	4817989	26.71203826948381
27302	ash who is ash.	9	5834313	26.688319029957043
27302	ash who is ash.	10	5734761	26.507713801975676
92357	churrascaria what is	1	7070979	21.943397473171135
92357	churrascaria what is	2	7070972	21.228118852174195
92357	churrascaria what is	3	7070975	20.19638923195742
92357	churrascaria what is	4	7070978	20.01022050652706
92357	churrascaria what is	5	1381758	18.635943248574485
92357	churrascaria what is	6	7978801	17.86893307432649
92357	churrascaria what is	7	1381754	15.599702892473939
92357	churrascaria what is	8	5233933	15.5630052473084
92357	churrascaria what is	9	4227481	15.378675362238436
92357	churrascaria what is	10	2143172	14.521892418519084
83	 you are so dutch means what	1	278633	18.63486930341032
83	 you are so dutch means what	2	1082844	18.36071149005347
83	 you are so dutch means what	3	5756931	17.23359901871705
83	 you are so dutch means what	4	3179538	17.063696992840548
83	 you are so dutch means what	5	260525	17.009947531994158
83	 you are so dutch means what	6	388763	16.989076607238854
83	 you are so dutch means what	7	575717	16.87973495728966
83	 you are so dutch means what	8	1979564	16.86194692877695
83	 you are so dutch means what	9	848948	16.820502094282837
83	 you are so dutch means what	10	7604175	16.80095637325342
102	% saturation do calculation	1	6976611	17.606777368773926
102	% saturation do calculation	2	1634347	17.291106643443552
102	% saturation do calculation	3	8345094	17.078388600749985
102	% saturation do calculation	4	6388328	16.44528073481093
102	% saturation do calculation	5	95458	16.37337341376454
102	% saturation do calculation	6	7396240	16.264696108437114
102	% saturation do calculation	7	4085778	16.208875558613272
102	% saturation do calculation	8	4048762	16.022272686388536
102	% saturation do calculation	9	4184833	15.741649370209636
102	% saturation do calculation	10	6287758	15.708441149571467
214	+what can mirna be used for	1	7994517	22.844992280376484
214	+what can mirna be used for	2	4860329	21.552856393288696
214	+what can mirna be used for	3	7994518	21.353715908170482
214	+what can mirna be used for	4	1258768	21.010890227117873
214	+what can mirna be used for	5	5244753	20.750001403303102
214	+what can mirna be used for	6	2080070	19.856954827088483
214	+what can mirna be used for	7	4767298	19.658679508215457
214	+what can mirna be used for	8	7575	19.358166267541016
214	+what can mirna be used for	9	3887922	19.211182584077132
214	+what can mirna be used for	10	7580	19.062375783262212
220	+what do pathogic organisms do	1	3806899	17.08961233754324
220	+what do pathogic organisms do	2	7073478	16.631311238813833
220	+what do pathogic organisms do	3	2557370	15.20422259349876
220	+what do pathogic organisms do	4	4091393	12.582222504964568
220	+what do pathogic organisms do	5	8841262	7.447426565136349
220	+what do pathogic organisms do	6	8149442	7.447426565136349
220	+what do pathogic organisms do	7	2085067	7.4266946158805975
220	+what do pathogic organisms do	8	2683335	7.416667519911943
220	+what do pathogic organisms do	9	6363761	7.413856361307537
220	+what do pathogic organisms do	10	6965787	7.391717839071723
244	+what is a lmu wall	1	4333527	20.401883705399683
244	+what is a lmu wall	2	7494723	19.88077006757744
244	+what is a lmu wall	3	7494731	19.15686557671884
244	+what is a lmu wall	4	6231730	18.438310216452273
244	+what is a lmu wall	5	3579599	18.373650742328554
244	+what is a lmu wall	6	4333528	18.109818339909076
244	+what is a lmu wall	7	6231734	17.914499506360404
244	+what is a lmu wall	8	7494724	17.914499506360404
244	+what is a lmu wall	9	4070455	17.897250009029424
244	+what is a lmu wall	10	3138100	17.604249627712797
317	+where is highlong park	1	7377457	16.559907589197838
317	+where is highlong park	2	2705703	9.3809150585561
317	+where is highlong park	3	7519913	9.323967387775658
317	+where is highlong park	4	2158849	9.320842304509085
317	+where is highlong park	5	6069576	9.302470424731894
317	+where is highlong park	6	7895309	9.292985120369359
317	+where is highlong park	7	1503702	9.292093416965889
317	+where is highlong park	8	1307622	9.291350461507008
317	+where is highlong park	9	2277045	9.291350461507008
317	+where is highlong park	10	5269566	9.28107235873653
370	. what is the institute for leaders?	1	7166129	16.988109851463015
370	. what is the institute for leaders?	2	8555674	15.78811835790328
370	. what is the institute for leaders?	3	8637982	15.517041235114295
370	. what is the institute for leaders?	4	6777654	15.484612491539355
370	. what is the institute for leaders?	5	8143487	15.415397564403088
370	. what is the institute for leaders?	6	8555673	15.384963694335479
370	. what is the institute for leaders?	7	7330372	15.328111349701821
370	. what is the institute for leaders?	8	5069946	15.30008198706799
370	. what is the institute for leaders?	9	186789	15.25511560519902
370	. what is the institute for leaders?	10	7272646	14.939862296429542
409	.vbs what it mean	1	7991064	22.23535622072094
409	.vbs what it mean	2	3761044	21.495604462548066
409	.vbs what it mean	3	7991068	20.521209122514495
409	.vbs what it mean	4	5434835	19.581291423571713
409	.vbs what it mean	5	8724474	19.540438332287774
409	.vbs what it mean	6	6402283	19.331490984559597
409	.vbs what it mean	7	2716893	18.796998065026994
409	.vbs what it mean	8	2716890	18.54527546058995
409	.vbs what it mean	9	7353652	18.368060362610205
409	.vbs what it mean	10	8240045	17.976631907273376
1288	3/5 of 60	1	7473138	20.968070410716972
1288	3/5 of 60	2	5938786	19.431639478446016
1288	3/5 of 60	3	904704	18.827788087472953
1288	3/5 of 60	4	6991390	18.294257477376625
1288	3/5 of 60	5	7473137	18.294257477376625
1288	3/5 of 60	6	7473136	18.294257477376625
1288	3/5 of 60	7	7473134	18.294257477376625
1288	3/5 of 60	8	7473140	18.038672909554606
1288	3/5 of 60	9	3391800	18.038672909554606
1288	3/5 of 60	10	904705	17.79013136357068
1504	5% of 329300	1	2605711	6.440680321095578
1504	5% of 329300	2	3611691	6.416183414982819
1504	5% of 329300	3	3611689	6.328722608005325
1504	5% of 329300	4	1563631	6.293144622023016
1504	5% of 329300	5	347397	6.275964618210015
1504	5% of 329300	6	841474	6.258636210352685
1504	5% of 329300	7	347392	6.209900442611933
1504	5% of 329300	8	2357255	6.204112670460299
1504	5% of 329300	9	5029515	6.193601149244308
1504	5% of 329300	10	4142129	6.1746721042938955
2	 Androgen receptor define	1	1782337	27.030836121669747
2	 Androgen receptor define	2	1001873	25.535860891938835
2	 Androgen receptor define	3	3634076	25.23028775387614
2	 Androgen receptor define	4	6285817	25.013592983006824
2	 Androgen receptor define	5	4339075	24.99690568549568
2	 Androgen receptor define	6	7496506	24.63450713364079
2	 Androgen receptor define	7	6285819	24.36768511185484
2	 Androgen receptor define	8	4339068	24.315933627909374
2	 Androgen receptor define	9	4339072	24.168158216896632
2	 Androgen receptor define	10	6920058	24.1065877119146
58	 the knee is what type of joint 	1	902245	23.18818212882956
58	 the knee is what type of joint 	2	1722750	22.329975776858028
58	 the knee is what type of joint 	3	7273917	21.892313939401667
58	 the knee is what type of joint 	4	5147996	21.824675820091713
58	 the knee is what type of joint 	5	164142	21.774009398055323
58	 the knee is what type of joint 	6	160408	21.710979050672055
58	 the knee is what type of joint 	7	8551492	21.487130838134735
58	 the knee is what type of joint 	8	6761719	21.304475314782177
58	 the knee is what type of joint 	9	5530374	21.250121624261006
58	 the knee is what type of joint 	10	160404	21.17447433374224
71	 what nationality is the name Factor 	1	2231513	16.49943987413744
71	 what nationality is the name Factor 	2	4359473	13.868920181585906
71	 what nationality is the name Factor 	3	4401632	13.775424636458977
71	 what nationality is the name Factor 	4	60130	13.013506286705582
71	 what nationality is the name Factor 	5	2231515	12.700068643348828
71	 what nationality is the name Factor 	6	7895387	12.623781356159956
71	 what nationality is the name Factor 	7	4027284	12.561578180984885
71	 what nationality is the name Factor 	8	274604	12.539702198833044
71	 what nationality is the name Factor 	9	7438179	12.485189063296785
71	 what nationality is the name Factor 	10	7895388	12.472064904918103
74	 where are protists most abundant in humans 	1	5500111	19.876657364710695
74	 where are protists most abundant in humans 	2	5421885	19.15042764598655
74	 where are protists most abundant in humans 	3	4754855	18.911145409238998
74	 where are protists most abundant in humans 	4	7066917	18.887955255557742
74	 where are protists most abundant in humans 	5	834070	18.585922405319508
74	 where are protists most abundant in humans 	6	5421887	18.537689011057022
74	 where are protists most abundant in humans 	7	2173116	18.27672294280887
74	 where are protists most abundant in humans 	8	2389895	18.094201288354448
74	 where are protists most abundant in humans 	9	4726269	18.094201288354448
74	 where are protists most abundant in humans 	10	7882916	18.01123634299811
184	+is biology a social science	1	7973103	24.323438824076135
184	+is biology a social science	2	5081059	23.413267610975463
184	+is biology a social science	3	7273446	23.34234900620375
184	+is biology a social science	4	4035289	23.200181037994966
184	+is biology a social science	5	7688042	23.112068317439977
184	+is biology a social science	6	5081055	23.067423310946765
184	+is biology a social science	7	6047595	22.85937884108674
184	+is biology a social science	8	8360978	22.728017084855736
184	+is biology a social science	9	8780186	22.668589039572122
184	+is biology a social science	10	8712432	22.30390530429262
321	+where is your siatic nerve located	1	7805997	23.690945911375323
321	+where is your siatic nerve located	2	114020	21.89708282571956
321	+where is your siatic nerve located	3	2225703	19.620828808880503
321	+where is your siatic nerve located	4	3155966	15.004016122642486
321	+where is your siatic nerve located	5	5730368	14.418741949628021
321	+where is your siatic nerve located	6	3521669	14.41355466284306
321	+where is your siatic nerve located	7	765376	14.313931017805475
321	+where is your siatic nerve located	8	1659971	14.237931663019278
321	+where is your siatic nerve located	9	3550718	14.23488966252652
321	+where is your siatic nerve located	10	7345758	14.142839645068916
361	. irritability medical definition	1	152235	20.89345608536463
361	. irritability medical definition	2	6625778	17.244430043869183
361	. irritability medical definition	3	2291302	16.693546017581376
361	. irritability medical definition	4	4544177	16.5441419186806
361	. irritability medical definition	5	4544186	16.5441419186806
361	. irritability medical definition	6	4351150	16.49005961149882
361	. irritability medical definition	7	992573	16.49005961149882
361	. irritability medical definition	8	1767633	16.253058890466935
361	. irritability medical definition	9	8025874	16.253058890466935
361	. irritability medical definition	10	7955280	16.167357926622444
401	.net culture code	1	7345855	17.68874896219404
401	.net culture code	2	7345856	16.410871963080627
401	.net culture code	3	7796505	16.15189752273769
401	.net culture code	4	5704124	15.840051224284798
401	.net culture code	5	2166029	15.76754930635455
401	.net culture code	6	5704132	15.747074715348841
401	.net culture code	7	7796498	15.351625489936742
401	.net culture code	8	5704131	15.335571819103746
401	.net culture code	9	8001902	15.328479923217632
401	.net culture code	10	5704130	15.25921858444103
537	1/2 cups in tbsp	1	8808551	28.74016902339512
537	1/2 cups in tbsp	2	835445	28.401993731555596
537	1/2 cups in tbsp	3	835446	28.401993731555596
537	1/2 cups in tbsp	4	5161044	28.064282266099355
537	1/2 cups in tbsp	5	5530333	27.881474110866257
537	1/2 cups in tbsp	6	941813	27.279124789524168
537	1/2 cups in tbsp	7	1504531	27.185345962881797
537	1/2 cups in tbsp	8	1357616	27.182960234984353
537	1/2 cups in tbsp	9	8256266	26.997352023410233
537	1/2 cups in tbsp	10	823339	26.944153369015673
548	10 am PST in AST	1	5108468	22.504509350799875
548	10 am PST in AST	2	8176303	21.850825956880445
548	10 am PST in AST	3	3755378	20.2286914039162
548	10 am PST in AST	4	5108466	19.3551306012928
548	10 am PST in AST	5	3490313	19.31679110007874
548	10 am PST in AST	6	1475660	19.244437587231968
548	10 am PST in AST	7	7070931	19.11477542210205
548	10 am PST in AST	8	6279960	18.99120157186563
548	10 am PST in AST	9	3331852	18.79039790072167
548	10 am PST in AST	10	3530702	18.762367516644517
34	 guidelines for mothballing of process plants 	1	7327168	34.091632547552166
34	 guidelines for mothballing of process plants 	2	7327165	33.36674708630404
34	 guidelines for mothballing of process plants 	3	7327163	31.999825403402546
34	 guidelines for mothballing of process plants 	4	7327169	26.05141891861436
34	 guidelines for mothballing of process plants 	5	7327164	25.22762711339406
34	 guidelines for mothballing of process plants 	6	7327167	24.906703638719932
34	 guidelines for mothballing of process plants 	7	7327166	24.594035763123006
34	 guidelines for mothballing of process plants 	8	551997	22.724744944737097
34	 guidelines for mothballing of process plants 	9	6913017	21.490946278379504
34	 guidelines for mothballing of process plants 	10	3481679	20.27616468782069
197	+micheal moore does he wear a wig	1	1680692	25.814448780992727
197	+micheal moore does he wear a wig	2	2900936	24.209146857390387
197	+micheal moore does he wear a wig	3	6255832	24.12459015545854
197	+micheal moore does he wear a wig	4	3906126	23.980063016314496
197	+micheal moore does he wear a wig	5	1743866	23.917727616682473
197	+micheal moore does he wear a wig	6	780059	23.660871650638832
197	+micheal moore does he wear a wig	7	7809022	23.599199896500444
197	+micheal moore does he wear a wig	8	5989391	22.692102848829364
197	+micheal moore does he wear a wig	9	5066833	22.533521442266338
197	+micheal moore does he wear a wig	10	8323383	22.49655672304469
215	+what causes bacteria inflamation of face	1	5486709	21.986998730839545
215	+what causes bacteria inflamation of face	2	3373799	21.367550276790425
215	+what causes bacteria inflamation of face	3	2595241	21.262970860350993
215	+what causes bacteria inflamation of face	4	3373800	21.181558954323307
215	+what causes bacteria inflamation of face	5	8591077	21.089664710729743
215	+what causes bacteria inflamation of face	6	5934220	20.463336823674247
215	+what causes bacteria inflamation of face	7	3556225	20.44173727360749
215	+what causes bacteria inflamation of face	8	7039861	20.34855500086173
215	+what causes bacteria inflamation of face	9	3864800	20.112045426394264
215	+what causes bacteria inflamation of face	10	8656951	20.062682298003416
232	+what happen when rome was invaded by germania	1	7859869	22.501824520542094
232	+what happen when rome was invaded by germania	2	8182253	21.31551439515339
232	+what happen when rome was invaded by germania	3	2374070	21.073917073427477
232	+what happen when rome was invaded by germania	4	3219581	20.682316836952623
232	+what happen when rome was invaded by germania	5	6581749	20.09872499890696
232	+what happen when rome was invaded by germania	6	8691039	19.557423015611143
232	+what happen when rome was invaded by germania	7	2374072	19.43879967583285
232	+what happen when rome was invaded by germania	8	8182247	19.36385880074681
232	+what happen when rome was invaded by germania	9	2905526	19.193912929139103
232	+what happen when rome was invaded by germania	10	8182252	19.183681513263288
357	. difference between isometric & dynamic exercises	1	102744	30.558196424218046
357	. difference between isometric & dynamic exercises	2	7101256	30.121658827016695
357	. difference between isometric & dynamic exercises	3	5212508	29.094555969792758
357	. difference between isometric & dynamic exercises	4	4834349	28.134326332582106
357	. difference between isometric & dynamic exercises	5	102743	27.87405486162618
357	. difference between isometric & dynamic exercises	6	7354165	27.215009948734878
357	. difference between isometric & dynamic exercises	7	663623	27.192822045453525
357	. difference between isometric & dynamic exercises	8	663614	26.429698724871024
357	. difference between isometric & dynamic exercises	9	3963910	26.342826038063393
357	. difference between isometric & dynamic exercises	10	7907124	26.27906024488727
362	. what are the president's main duties? explain each	1	7006160	20.462632062056052
362	. what are the president's main duties? explain each	2	908288	20.21835264231002
362	. what are the president's main duties? explain each	3	5087020	19.121213498099515
362	. what are the president's main duties? explain each	4	6510779	18.674628608702367
362	. what are the president's main duties? explain each	5	4181913	18.468404694657345
362	. what are the president's main duties? explain each	6	3728523	18.468404694657345
362	. what are the president's main duties? explain each	7	3948438	18.355407319294923
362	. what are the president's main duties? explain each	8	362544	18.039612100839914
362	. what are the president's main duties? explain each	9	4375132	17.80766477351738
362	. what are the president's main duties? explain each	10	3948440	17.615425015575624
364	. what does the  c prefacing a date mean	1	2625347	19.021441639085428
364	. what does the  c prefacing a date mean	2	4097272	18.969843120574055
364	. what does the  c prefacing a date mean	3	3482104	18.759629699143122
364	. what does the  c prefacing a date mean	4	6264008	18.387531450667474
364	. what does the  c prefacing a date mean	5	6264010	18.287659383300472
364	. what does the  c prefacing a date mean	6	6233756	17.600660803440576
364	. what does the  c prefacing a date mean	7	994042	16.940601589766136
364	. what does the  c prefacing a date mean	8	5077052	16.53436377298733
364	. what does the  c prefacing a date mean	9	127211	16.41020199222509
364	. what does the  c prefacing a date mean	10	5825848	16.109474424902956
427	02 Chevy 1500 Specs	1	7322779	26.33596320976399
427	02 Chevy 1500 Specs	2	7322780	24.92279238452173
427	02 Chevy 1500 Specs	3	1686422	24.533385195205664
427	02 Chevy 1500 Specs	4	8012343	24.219928899007815
427	02 Chevy 1500 Specs	5	4016576	24.179685641325264
427	02 Chevy 1500 Specs	6	3072032	23.588696207011175
427	02 Chevy 1500 Specs	7	3072024	23.175659979027188
427	02 Chevy 1500 Specs	8	5748529	22.14070271514423
427	02 Chevy 1500 Specs	9	8012346	22.006722547448852
427	02 Chevy 1500 Specs	10	1671601	21.990097282097405
579	100g chicken carb content	1	7362509	35.08779298096177
579	100g chicken carb content	2	7362513	32.90575278666931
579	100g chicken carb content	3	7362512	30.9498935411841
579	100g chicken carb content	4	7362510	29.52819592129119
579	100g chicken carb content	5	6904332	28.047848464234065
579	100g chicken carb content	6	4706542	27.74398905274984
579	100g chicken carb content	7	8522988	27.729485598866688
579	100g chicken carb content	8	5076354	27.180024340891386
579	100g chicken carb content	9	4706546	26.89622728557034
579	100g chicken carb content	10	8522995	26.749817392220702
609	115 days until baby is due	1	6792759	18.78317794046132
609	115 days until baby is due	2	3339863	18.57607649874825
609	115 days until baby is due	3	1792569	18.229797241830738
609	115 days until baby is due	4	1118391	17.936306870488277
609	115 days until baby is due	5	3335663	17.62956539020589
609	115 days until baby is due	6	3332304	17.254853782899822
609	115 days until baby is due	7	1127847	17.110798510409595
609	115 days until baby is due	8	1562632	17.01486996364119
609	115 days until baby is due	9	4015543	16.933389237692115
609	115 days until baby is due	10	3631185	16.615003536438145
28	 definition of Executive Officer defined by FRB 	1	2681573	23.5380572808867
28	 definition of Executive Officer defined by FRB 	2	5632946	23.32515412137452
28	 definition of Executive Officer defined by FRB 	3	1023224	20.268881961081952
28	 definition of Executive Officer defined by FRB 	4	612213	20.147402681144374
28	 definition of Executive Officer defined by FRB 	5	5802383	20.130206837087204
28	 definition of Executive Officer defined by FRB 	6	6683951	20.014119321930337
28	 definition of Executive Officer defined by FRB 	7	8430099	19.8931756911823
28	 definition of Executive Officer defined by FRB 	8	4983661	19.813811139941446
28	 definition of Executive Officer defined by FRB 	9	7996167	19.72328159717519
28	 definition of Executive Officer defined by FRB 	10	2424701	19.601701495970225
106	'com multi unit' zoning definition	1	4197946	18.952964146879854
106	'com multi unit' zoning definition	2	5336361	18.601182484377215
106	'com multi unit' zoning definition	3	5532730	18.521927002308633
106	'com multi unit' zoning definition	4	5225971	17.98597767883125
106	'com multi unit' zoning definition	5	7019617	17.722909533277168
106	'com multi unit' zoning definition	6	6346796	17.71600129450722
106	'com multi unit' zoning definition	7	6324045	17.537771495341623
106	'com multi unit' zoning definition	8	5245449	16.97789246668866
106	'com multi unit' zoning definition	9	3279255	16.84508757028482
106	'com multi unit' zoning definition	10	7961686	16.834650485275677
158	+how  to add differnt names on labels in word	1	7377142	20.918327159918128
158	+how  to add differnt names on labels in word	2	7377143	20.491169530850495
158	+how  to add differnt names on labels in word	3	1838655	20.341994083927382
158	+how  to add differnt names on labels in word	4	6419624	20.041593133777102
158	+how  to add differnt names on labels in word	5	8449881	19.96047147452756
158	+how  to add differnt names on labels in word	6	1435171	19.279129505563198
158	+how  to add differnt names on labels in word	7	8228431	19.063695447690776
158	+how  to add differnt names on labels in word	8	8242972	19.05935864174691
158	+how  to add differnt names on labels in word	9	1399730	18.97933941336675
158	+how  to add differnt names on labels in word	10	1399729	18.695520185481627
222	+what does ca cells mean urine test	1	267053	24.566283262165005
222	+what does ca cells mean urine test	2	267051	24.126297935219085
222	+what does ca cells mean urine test	3	554374	23.962997363215024
222	+what does ca cells mean urine test	4	4417815	23.705974727898308
222	+what does ca cells mean urine test	5	4417818	23.666715078527403
222	+what does ca cells mean urine test	6	1862820	23.46965928290136
222	+what does ca cells mean urine test	7	4935509	23.40606275319607
222	+what does ca cells mean urine test	8	4174523	23.30969430193029
222	+what does ca cells mean urine test	9	4174521	23.26506600675988
222	+what does ca cells mean urine test	10	5066554	23.109070067765963
233	+what id justin bieber fav color	1	2473952	44.787522005917644
233	+what id justin bieber fav color	2	2473945	37.84696638026389
233	+what id justin bieber fav color	3	23954	31.42172169725862
233	+what id justin bieber fav color	4	2473948	30.98679460248872
233	+what id justin bieber fav color	5	2473949	30.661495196122395
233	+what id justin bieber fav color	6	8546698	30.05619889264124
233	+what id justin bieber fav color	7	7247198	29.478520371585443
233	+what id justin bieber fav color	8	2442360	29.327578205236126
233	+what id justin bieber fav color	9	1346223	29.2613303095308
233	+what id justin bieber fav color	10	7247201	29.207263068259987
428	02 how long has my contract left to run	1	2628203	17.901413538404313
428	02 how long has my contract left to run	2	8703260	17.65132016185667
428	02 how long has my contract left to run	3	1722213	17.51450897424353
428	02 how long has my contract left to run	4	1722215	16.98837472712661
428	02 how long has my contract left to run	5	3274044	16.877629455967547
428	02 how long has my contract left to run	6	5807011	16.4614628587255
428	02 how long has my contract left to run	7	6974602	16.413779152226343
428	02 how long has my contract left to run	8	8359860	16.203263499030328
428	02 how long has my contract left to run	9	2963293	16.110385517406893
428	02 how long has my contract left to run	10	4730718	16.082535917249736
484	1 mile equals how many feet	1	3057824	29.3465610988622
484	1 mile equals how many feet	2	4770537	28.77176747737077
484	1 mile equals how many feet	3	7552264	26.092226794890383
484	1 mile equals how many feet	4	5605934	25.517772294694197
484	1 mile equals how many feet	5	6433661	25.517772294694197
484	1 mile equals how many feet	6	5974007	25.181020598789065
484	1 mile equals how many feet	7	7447821	24.999415585195983
484	1 mile equals how many feet	8	6433656	24.6348765764172
484	1 mile equals how many feet	9	4999103	24.393259595733298
484	1 mile equals how many feet	10	8117210	24.143364500864312
506	1 to 1 1/8 shaft adapter ebay	1	7956293	38.44070034674108
506	1 to 1 1/8 shaft adapter ebay	2	7956290	37.34995503071631
506	1 to 1 1/8 shaft adapter ebay	3	7956291	37.28036700940936
506	1 to 1 1/8 shaft adapter ebay	4	7956294	37.020351481892305
506	1 to 1 1/8 shaft adapter ebay	5	7956299	36.89248504548539
506	1 to 1 1/8 shaft adapter ebay	6	7956298	35.77374171918592
506	1 to 1 1/8 shaft adapter ebay	7	7956292	35.50468003978903
506	1 to 1 1/8 shaft adapter ebay	8	7956295	28.815725988618112
506	1 to 1 1/8 shaft adapter ebay	9	7956296	27.366313771047423
506	1 to 1 1/8 shaft adapter ebay	10	8566710	24.477097263366076
514	1. define lymph and explain its function	1	2268945	23.021630034421072
514	1. define lymph and explain its function	2	8098623	21.426008932604873
514	1. define lymph and explain its function	3	6414971	20.16334238237081
514	1. define lymph and explain its function	4	6286077	20.162468160872837
514	1. define lymph and explain its function	5	3675072	19.38132758988807
514	1. define lymph and explain its function	6	5237562	19.320053248742276
514	1. define lymph and explain its function	7	6954281	18.836750870683574
514	1. define lymph and explain its function	8	2605669	18.64447937283485
514	1. define lymph and explain its function	9	8073240	18.557502867185526
514	1. define lymph and explain its function	10	3736328	18.30635929998735
584	104 bus time las Vegas	1	7659686	33.931692779083704
584	104 bus time las Vegas	2	7659685	32.069596947932986
584	104 bus time las Vegas	3	7295902	31.511066522006004
584	104 bus time las Vegas	4	7659684	30.91362604474877
584	104 bus time las Vegas	5	3233966	30.482629027573324
584	104 bus time las Vegas	6	6730880	30.1100097748096
584	104 bus time las Vegas	7	5775088	29.847382198291847
584	104 bus time las Vegas	8	3252653	29.730703590619953
584	104 bus time las Vegas	9	8471727	29.722320636893716
584	104 bus time las Vegas	10	5690475	29.40327115026525
128	) what other tissue(s) might harbor streptococcus pyogenes? coursehero	1	1404391	31.366278903595468
128	) what other tissue(s) might harbor streptococcus pyogenes? coursehero	2	8008473	31.246871351918806
128	) what other tissue(s) might harbor streptococcus pyogenes? coursehero	3	1404399	30.720000062584408
128	) what other tissue(s) might harbor streptococcus pyogenes? coursehero	4	3141279	29.92283541326735
128	) what other tissue(s) might harbor streptococcus pyogenes? coursehero	5	1787469	29.90844452541777
128	) what other tissue(s) might harbor streptococcus pyogenes? coursehero	6	7193174	29.48445981903459
128	) what other tissue(s) might harbor streptococcus pyogenes? coursehero	7	7193175	29.48445981903459
128	) what other tissue(s) might harbor streptococcus pyogenes? coursehero	8	7193176	29.455727327850084
128	) what other tissue(s) might harbor streptococcus pyogenes? coursehero	9	2844173	29.35914673957069
128	) what other tissue(s) might harbor streptococcus pyogenes? coursehero	10	2028071	28.85288366438989
352	. What was the movement called humanism? How did it originate, and what were its main characteristics?	1	1353757	19.971387253842156
352	. What was the movement called humanism? How did it originate, and what were its main characteristics?	2	1520975	19.671607332278324
352	. What was the movement called humanism? How did it originate, and what were its main characteristics?	3	8591082	19.526392667870553
352	. What was the movement called humanism? How did it originate, and what were its main characteristics?	4	6411184	19.48844292584057
352	. What was the movement called humanism? How did it originate, and what were its main characteristics?	5	1345324	19.08027953909205
352	. What was the movement called humanism? How did it originate, and what were its main characteristics?	6	259491	18.92688497083616
352	. What was the movement called humanism? How did it originate, and what were its main characteristics?	7	6999639	18.830395827533195
352	. What was the movement called humanism? How did it originate, and what were its main characteristics?	8	1233123	18.751278749185147
352	. What was the movement called humanism? How did it originate, and what were its main characteristics?	9	5856140	18.66947459754372
352	. What was the movement called humanism? How did it originate, and what were its main characteristics?	10	6283600	18.6337413900196
413	.what is not the purpose of configuration control when configuration management is applied in a project?	1	7643197	37.516884875028786
413	.what is not the purpose of configuration control when configuration management is applied in a project?	2	2070964	37.13924437847116
413	.what is not the purpose of configuration control when configuration management is applied in a project?	3	7643204	36.63459159340182
413	.what is not the purpose of configuration control when configuration management is applied in a project?	4	7643201	36.448680930891044
413	.what is not the purpose of configuration control when configuration management is applied in a project?	5	7643202	36.448680930891044
413	.what is not the purpose of configuration control when configuration management is applied in a project?	6	5211469	34.51908893949319
413	.what is not the purpose of configuration control when configuration management is applied in a project?	7	2215330	34.50776328129989
413	.what is not the purpose of configuration control when configuration management is applied in a project?	8	1790670	33.66776574649802
413	.what is not the purpose of configuration control when configuration management is applied in a project?	9	4793205	33.53143889076198
413	.what is not the purpose of configuration control when configuration management is applied in a project?	10	840784	33.50723770086486
509	1 us dollar equals how many euros	1	149089	36.197120013945266
509	1 us dollar equals how many euros	2	149083	35.99486409567074
509	1 us dollar equals how many euros	3	7433164	35.116351082740316
509	1 us dollar equals how many euros	4	1804890	34.47626848226087
509	1 us dollar equals how many euros	5	8344829	34.3138607172956
509	1 us dollar equals how many euros	6	8344825	34.30017322162461
509	1 us dollar equals how many euros	7	8344823	32.8166615020934
509	1 us dollar equals how many euros	8	1489670	32.71203381866352
509	1 us dollar equals how many euros	9	7685087	32.45388152441442
509	1 us dollar equals how many euros	10	8344828	32.41744234848657
555	10 factors responsible for depletion of water table	1	7907043	33.85256312948023
555	10 factors responsible for depletion of water table	2	7907040	27.567921967968694
555	10 factors responsible for depletion of water table	3	7907044	21.34742220244792
555	10 factors responsible for depletion of water table	4	7907046	21.315953801328103
555	10 factors responsible for depletion of water table	5	7907049	20.857145129343934
555	10 factors responsible for depletion of water table	6	4142711	20.051188573216546
555	10 factors responsible for depletion of water table	7	7907047	19.974199032350796
555	10 factors responsible for depletion of water table	8	5380459	19.72911210888641
555	10 factors responsible for depletion of water table	9	7907042	19.37458545731268
555	10 factors responsible for depletion of water table	10	5801967	19.36791607897706
667	14 oct 2015 mlb playoff schedule	1	3623336	34.2461261530911
667	14 oct 2015 mlb playoff schedule	2	8634015	33.262314037779134
667	14 oct 2015 mlb playoff schedule	3	7584158	32.32180987225937
667	14 oct 2015 mlb playoff schedule	4	7880799	31.89651964500129
667	14 oct 2015 mlb playoff schedule	5	8601092	31.881587683760607
667	14 oct 2015 mlb playoff schedule	6	1123740	31.866226987003767
667	14 oct 2015 mlb playoff schedule	7	854155	31.03900212410375
667	14 oct 2015 mlb playoff schedule	8	6415043	30.419266924023308
667	14 oct 2015 mlb playoff schedule	9	1998856	30.401621020496407
667	14 oct 2015 mlb playoff schedule	10	2646384	29.457030471983895
699	15 straight line depreciation for leasehold improvements	1	7982767	46.85952835469048
699	15 straight line depreciation for leasehold improvements	2	7982766	46.85952835469048
699	15 straight line depreciation for leasehold improvements	3	2851447	46.08698791010585
699	15 straight line depreciation for leasehold improvements	4	7794540	45.76293412324243
699	15 straight line depreciation for leasehold improvements	5	7982763	44.39463047343927
699	15 straight line depreciation for leasehold improvements	6	7982762	43.7828146482192
699	15 straight line depreciation for leasehold improvements	7	7982760	42.432127954058856
699	15 straight line depreciation for leasehold improvements	8	7802559	42.313505422683676
699	15 straight line depreciation for leasehold improvements	9	7982761	40.47071649460148
699	15 straight line depreciation for leasehold improvements	10	2613365	39.30976392057837
807	1993 penthouse mark whalberg net worth	1	7340068	27.717143624084386
807	1993 penthouse mark whalberg net worth	2	689702	26.277249045573424
807	1993 penthouse mark whalberg net worth	3	6740404	25.90050895182418
807	1993 penthouse mark whalberg net worth	4	6786437	25.62863575670959
807	1993 penthouse mark whalberg net worth	5	1017821	25.4422237312338
807	1993 penthouse mark whalberg net worth	6	6740402	25.366207980367943
807	1993 penthouse mark whalberg net worth	7	1690754	24.93301821402405
807	1993 penthouse mark whalberg net worth	8	3355517	24.870300222152274
807	1993 penthouse mark whalberg net worth	9	8624845	24.856202207436244
807	1993 penthouse mark whalberg net worth	10	4801391	24.786343938911514
854	2 year olds knee hurts when he is sick	1	7959879	27.172466902457636
854	2 year olds knee hurts when he is sick	2	7959882	26.610847176453483
854	2 year olds knee hurts when he is sick	3	7959878	26.072930041023273
854	2 year olds knee hurts when he is sick	4	7959880	25.557183201236285
854	2 year olds knee hurts when he is sick	5	6761725	25.354644086375124
854	2 year olds knee hurts when he is sick	6	7959881	25.062208807961653
854	2 year olds knee hurts when he is sick	7	1482169	23.52896402459006
854	2 year olds knee hurts when he is sick	8	8343061	23.505871353899522
854	2 year olds knee hurts when he is sick	9	1136274	22.383941236962986
854	2 year olds knee hurts when he is sick	10	6463209	21.819033882423653
884	20 oz Post raisin bran price	1	3904427	36.11467295614103
884	20 oz Post raisin bran price	2	7296978	35.74443940099883
884	20 oz Post raisin bran price	3	2690665	35.5019951465861
884	20 oz Post raisin bran price	4	7296976	35.281816203793504
884	20 oz Post raisin bran price	5	7296979	34.99774442248569
884	20 oz Post raisin bran price	6	1960332	32.858574466247475
884	20 oz Post raisin bran price	7	2592023	29.044006099375174
884	20 oz Post raisin bran price	8	1055084	28.767339229960957
884	20 oz Post raisin bran price	9	2592019	28.165201970904022
884	20 oz Post raisin bran price	10	2592022	26.418667049301007
127	) what is the acceleration of the upper block? (indicate the direction with the sign of your answer.)	1	4132807	22.203229450405995
127	) what is the acceleration of the upper block? (indicate the direction with the sign of your answer.)	2	5229926	21.091690532688197
127	) what is the acceleration of the upper block? (indicate the direction with the sign of your answer.)	3	4636291	20.614253967597925
127	) what is the acceleration of the upper block? (indicate the direction with the sign of your answer.)	4	6195120	20.614253967597925
127	) what is the acceleration of the upper block? (indicate the direction with the sign of your answer.)	5	7914384	20.515380484875784
127	) what is the acceleration of the upper block? (indicate the direction with the sign of your answer.)	6	6567831	20.344916328705896
127	) what is the acceleration of the upper block? (indicate the direction with the sign of your answer.)	7	7038351	20.20077516361406
127	) what is the acceleration of the upper block? (indicate the direction with the sign of your answer.)	8	7925169	20.096756271071634
127	) what is the acceleration of the upper block? (indicate the direction with the sign of your answer.)	9	2530517	20.056594316286237
127	) what is the acceleration of the upper block? (indicate the direction with the sign of your answer.)	10	587355	20.026710067201375
169	+how many calories does a person burn in five minutes of standing	1	1225781	35.466533439189796
169	+how many calories does a person burn in five minutes of standing	2	7346456	32.04245534977608
169	+how many calories does a person burn in five minutes of standing	3	8352427	31.36585584632192
169	+how many calories does a person burn in five minutes of standing	4	6971376	31.357581730573624
169	+how many calories does a person burn in five minutes of standing	5	7994541	31.327482494549145
169	+how many calories does a person burn in five minutes of standing	6	8352434	31.007316264467843
169	+how many calories does a person burn in five minutes of standing	7	3599796	30.58800779442089
169	+how many calories does a person burn in five minutes of standing	8	2440389	30.422645518887585
169	+how many calories does a person burn in five minutes of standing	9	5796796	30.325457340604125
169	+how many calories does a person burn in five minutes of standing	10	2369117	30.080186050266597
327	, does vinegar and water help. remove coffee stains in blouses	1	6756165	36.38122187014534
327	, does vinegar and water help. remove coffee stains in blouses	2	4067845	34.60100286609976
327	, does vinegar and water help. remove coffee stains in blouses	3	7510742	34.15841412558086
327	, does vinegar and water help. remove coffee stains in blouses	4	724456	33.98996682610403
327	, does vinegar and water help. remove coffee stains in blouses	5	4067850	32.358901078270264
327	, does vinegar and water help. remove coffee stains in blouses	6	2588170	31.605561423570798
327	, does vinegar and water help. remove coffee stains in blouses	7	5592277	31.429701874119317
327	, does vinegar and water help. remove coffee stains in blouses	8	8255604	31.384168851368642
327	, does vinegar and water help. remove coffee stains in blouses	9	551278	30.74362208932428
327	, does vinegar and water help. remove coffee stains in blouses	10	5889570	30.578154477667937
829	1x8 block with a sticker grand prix what set does it belong	1	5640619	26.160242933421124
829	1x8 block with a sticker grand prix what set does it belong	2	3245940	26.003094989075215
829	1x8 block with a sticker grand prix what set does it belong	3	3392331	25.94436076399721
829	1x8 block with a sticker grand prix what set does it belong	4	4730916	25.772987060305137
829	1x8 block with a sticker grand prix what set does it belong	5	3245939	25.59008719676632
829	1x8 block with a sticker grand prix what set does it belong	6	4565492	25.382129460676815
829	1x8 block with a sticker grand prix what set does it belong	7	5677487	25.320878933435395
829	1x8 block with a sticker grand prix what set does it belong	8	5677486	25.171053574711205
829	1x8 block with a sticker grand prix what set does it belong	9	2802604	25.109549403323726
829	1x8 block with a sticker grand prix what set does it belong	10	3392333	25.096300730437363
1267	3 ways a log can move when bucking on side hill	1	7759479	27.939036461555474
1267	3 ways a log can move when bucking on side hill	2	7759478	23.595230835661262
1267	3 ways a log can move when bucking on side hill	3	3906880	23.037580234933024
1267	3 ways a log can move when bucking on side hill	4	7759484	21.580010586492687
1267	3 ways a log can move when bucking on side hill	5	1956260	20.29673453061869
1267	3 ways a log can move when bucking on side hill	6	6020772	19.9554093127961
1267	3 ways a log can move when bucking on side hill	7	1855619	19.58465715026421
1267	3 ways a log can move when bucking on side hill	8	5439052	19.516144816808275
1267	3 ways a log can move when bucking on side hill	9	2205571	18.846626232261464
1267	3 ways a log can move when bucking on side hill	10	398482	18.786004901855094
1517	50% of the amount exceed 40 times minimum wage	1	4840199	35.6995818953963
1517	50% of the amount exceed 40 times minimum wage	2	8820765	33.19464767053046
1517	50% of the amount exceed 40 times minimum wage	3	854861	32.50816984386711
1517	50% of the amount exceed 40 times minimum wage	4	718519	32.15001293293812
1517	50% of the amount exceed 40 times minimum wage	5	7396662	31.940582332284354
1517	50% of the amount exceed 40 times minimum wage	6	5898052	31.568192665592093
1517	50% of the amount exceed 40 times minimum wage	7	4840193	30.324879678713337
1517	50% of the amount exceed 40 times minimum wage	8	4840195	30.321298663425303
1517	50% of the amount exceed 40 times minimum wage	9	815441	30.14976987516211
1517	50% of the amount exceed 40 times minimum wage	10	3607745	30.06352661038376
1522	5000 iu of vitamin d causes leg pain	1	6453657	39.66437375792764
1522	5000 iu of vitamin d causes leg pain	2	1252625	38.112143331596755
1522	5000 iu of vitamin d causes leg pain	3	7699593	36.34473947744465
1522	5000 iu of vitamin d causes leg pain	4	8323752	36.18059372136971
1522	5000 iu of vitamin d causes leg pain	5	7445922	35.66945763302019
1522	5000 iu of vitamin d causes leg pain	6	1035425	35.10553628211443
1522	5000 iu of vitamin d causes leg pain	7	7445919	34.92875026097285
1522	5000 iu of vitamin d causes leg pain	8	1035430	34.911463657285935
1522	5000 iu of vitamin d causes leg pain	9	7331171	34.87133809976614
1522	5000 iu of vitamin d causes leg pain	10	5902280	34.35779910318627
1977	American slavery first began in which of the following centuries? quizlet	1	8542387	30.38089284167677
1977	American slavery first began in which of the following centuries? quizlet	2	3980526	27.867646604465612
1977	American slavery first began in which of the following centuries? quizlet	3	3571980	27.011948946198622
1977	American slavery first began in which of the following centuries? quizlet	4	5110015	26.848896251599868
1977	American slavery first began in which of the following centuries? quizlet	5	4503426	25.732398671389866
1977	American slavery first began in which of the following centuries? quizlet	6	3619305	25.534474137399975
1977	American slavery first began in which of the following centuries? quizlet	7	356898	25.24285503833015
1977	American slavery first began in which of the following centuries? quizlet	8	2562006	25.21046801334504
1977	American slavery first began in which of the following centuries? quizlet	9	3189687	25.205886899673644
1977	American slavery first began in which of the following centuries? quizlet	10	7171921	24.862006719794934
2362	CURRENt rate for a color and cut hairstyle in denver co	1	7352725	31.33945078364694
2362	CURRENt rate for a color and cut hairstyle in denver co	2	3286060	29.47651459412085
2362	CURRENt rate for a color and cut hairstyle in denver co	3	1541214	27.31992309357517
2362	CURRENt rate for a color and cut hairstyle in denver co	4	8153280	26.577524088940255
2362	CURRENt rate for a color and cut hairstyle in denver co	5	4988942	25.47752909725802
2362	CURRENt rate for a color and cut hairstyle in denver co	6	3339043	23.191953527031707
2362	CURRENt rate for a color and cut hairstyle in denver co	7	2246144	23.172286931333083
2362	CURRENt rate for a color and cut hairstyle in denver co	8	7484010	23.074931039108804
2362	CURRENt rate for a color and cut hairstyle in denver co	9	3264082	23.074931039108804
2362	CURRENt rate for a color and cut hairstyle in denver co	10	6087720	23.07067641129455
2407	Can you drive to Reserva Nacional Radal Siete Tazas from Santiago	1	8113742	20.93932586740845
2407	Can you drive to Reserva Nacional Radal Siete Tazas from Santiago	2	6585029	18.836723961717976
2407	Can you drive to Reserva Nacional Radal Siete Tazas from Santiago	3	3331637	18.73436240071699
2407	Can you drive to Reserva Nacional Radal Siete Tazas from Santiago	4	3000532	18.14426446116472
2407	Can you drive to Reserva Nacional Radal Siete Tazas from Santiago	5	7291372	18.113869280704836
2407	Can you drive to Reserva Nacional Radal Siete Tazas from Santiago	6	7132215	18.074370957085613
2407	Can you drive to Reserva Nacional Radal Siete Tazas from Santiago	7	6585032	18.007437034482578
2407	Can you drive to Reserva Nacional Radal Siete Tazas from Santiago	8	4173139	17.914600325118393
2407	Can you drive to Reserva Nacional Radal Siete Tazas from Santiago	9	465595	17.81489642897058
2407	Can you drive to Reserva Nacional Radal Siete Tazas from Santiago	10	3303071	17.48243709115495
52	 pneumo is a prefix meaning air. Knowing this, explain why this condition is called pneumothorax	1	398984	36.79778000553817
52	 pneumo is a prefix meaning air. Knowing this, explain why this condition is called pneumothorax	2	1864633	34.63349829681018
52	 pneumo is a prefix meaning air. Knowing this, explain why this condition is called pneumothorax	3	1091568	33.6649897233514
52	 pneumo is a prefix meaning air. Knowing this, explain why this condition is called pneumothorax	4	1778113	32.01852547544742
52	 pneumo is a prefix meaning air. Knowing this, explain why this condition is called pneumothorax	5	5608471	31.19227411768498
52	 pneumo is a prefix meaning air. Knowing this, explain why this condition is called pneumothorax	6	1091569	30.669777340650683
52	 pneumo is a prefix meaning air. Knowing this, explain why this condition is called pneumothorax	7	7466019	30.541657001509268
52	 pneumo is a prefix meaning air. Knowing this, explain why this condition is called pneumothorax	8	5806751	29.61739608216591
52	 pneumo is a prefix meaning air. Knowing this, explain why this condition is called pneumothorax	9	4783594	28.494912375804763
52	 pneumo is a prefix meaning air. Knowing this, explain why this condition is called pneumothorax	10	1868142	27.919438455876683
130	). Puerto Rico says sick will head north without health-care fix	1	3111785	32.129176461466635
130	). Puerto Rico says sick will head north without health-care fix	2	76454	31.483645825355737
130	). Puerto Rico says sick will head north without health-care fix	3	1478979	30.808741027058762
130	). Puerto Rico says sick will head north without health-care fix	4	1478972	30.594173711945608
130	). Puerto Rico says sick will head north without health-care fix	5	5590104	30.54110646441982
130	). Puerto Rico says sick will head north without health-care fix	6	834819	29.874291213111384
130	). Puerto Rico says sick will head north without health-care fix	7	834820	29.265455153206666
130	). Puerto Rico says sick will head north without health-care fix	8	5780442	29.15734173915525
130	). Puerto Rico says sick will head north without health-care fix	9	512100	29.005941394782816
130	). Puerto Rico says sick will head north without health-care fix	10	16626	28.88210516009398
793	1981 Isuzu pup diesel average miles per gallon ?	1	6303727	33.92232881654702
793	1981 Isuzu pup diesel average miles per gallon ?	2	6500912	32.92143214670872
793	1981 Isuzu pup diesel average miles per gallon ?	3	1194895	31.941530003209245
793	1981 Isuzu pup diesel average miles per gallon ?	4	5085499	31.69796281693597
793	1981 Isuzu pup diesel average miles per gallon ?	5	5797124	31.214179087585688
793	1981 Isuzu pup diesel average miles per gallon ?	6	1477834	31.005848575744597
793	1981 Isuzu pup diesel average miles per gallon ?	7	5326567	30.68594768560086
793	1981 Isuzu pup diesel average miles per gallon ?	8	5085504	30.648586766406524
793	1981 Isuzu pup diesel average miles per gallon ?	9	2212048	30.39665405528947
793	1981 Isuzu pup diesel average miles per gallon ?	10	98531	30.009645985249584
814	1999 chevy suburban k2500 7.4l what to look for when buying	1	8000886	46.2886883298325
814	1999 chevy suburban k2500 7.4l what to look for when buying	2	8000889	39.576130225546805
814	1999 chevy suburban k2500 7.4l what to look for when buying	3	7399878	37.73080515001264
814	1999 chevy suburban k2500 7.4l what to look for when buying	4	8000887	37.645283651131976
814	1999 chevy suburban k2500 7.4l what to look for when buying	5	8000881	36.03127982355054
814	1999 chevy suburban k2500 7.4l what to look for when buying	6	8000882	32.590487574423584
814	1999 chevy suburban k2500 7.4l what to look for when buying	7	7547621	25.917209639228123
814	1999 chevy suburban k2500 7.4l what to look for when buying	8	5789679	25.563811638464454
814	1999 chevy suburban k2500 7.4l what to look for when buying	9	5748421	25.336467119736817
814	1999 chevy suburban k2500 7.4l what to look for when buying	10	7403333	25.300228331250963
920	2006 GMC Yukon XL engine is off, but heater blower is still on	1	7068716	48.732993293919854
920	2006 GMC Yukon XL engine is off, but heater blower is still on	2	941524	44.04403647895222
920	2006 GMC Yukon XL engine is off, but heater blower is still on	3	941525	40.96875665000787
920	2006 GMC Yukon XL engine is off, but heater blower is still on	4	7980523	40.63241575100803
920	2006 GMC Yukon XL engine is off, but heater blower is still on	5	7068721	39.07577660260697
920	2006 GMC Yukon XL engine is off, but heater blower is still on	6	2357888	38.50348490134403
920	2006 GMC Yukon XL engine is off, but heater blower is still on	7	7394189	38.08770406252245
920	2006 GMC Yukon XL engine is off, but heater blower is still on	8	1845415	36.24566761000946
920	2006 GMC Yukon XL engine is off, but heater blower is still on	9	2782582	36.034173963655725
920	2006 GMC Yukon XL engine is off, but heater blower is still on	10	7980524	35.791786608839956
1279	3. how might a nitrogen-oxygen atmosphere on the moon affect the range of temperatures on the moon	1	7327631	53.287062037407864
1279	3. how might a nitrogen-oxygen atmosphere on the moon affect the range of temperatures on the moon	2	5323768	40.4139467449184
1279	3. how might a nitrogen-oxygen atmosphere on the moon affect the range of temperatures on the moon	3	6098929	39.841990693952425
1279	3. how might a nitrogen-oxygen atmosphere on the moon affect the range of temperatures on the moon	4	5972828	38.755824328726
1279	3. how might a nitrogen-oxygen atmosphere on the moon affect the range of temperatures on the moon	5	8713377	38.518696268489975
1279	3. how might a nitrogen-oxygen atmosphere on the moon affect the range of temperatures on the moon	6	8701758	38.37761838953604
1279	3. how might a nitrogen-oxygen atmosphere on the moon affect the range of temperatures on the moon	7	8180256	38.080040227830686
1279	3. how might a nitrogen-oxygen atmosphere on the moon affect the range of temperatures on the moon	8	6898829	37.68349060557658
1279	3. how might a nitrogen-oxygen atmosphere on the moon affect the range of temperatures on the moon	9	7451300	37.38678616982831
1279	3. how might a nitrogen-oxygen atmosphere on the moon affect the range of temperatures on the moon	10	3511084	37.03356506771942
1353	39 x 29 foundation crawlspace takes how many cinder blocks	1	950715	36.02259645677271
1353	39 x 29 foundation crawlspace takes how many cinder blocks	2	5521998	33.101573664572186
1353	39 x 29 foundation crawlspace takes how many cinder blocks	3	3752642	32.30139145472882
1353	39 x 29 foundation crawlspace takes how many cinder blocks	4	4788068	30.92029652923693
1353	39 x 29 foundation crawlspace takes how many cinder blocks	5	1581119	30.134961271819673
1353	39 x 29 foundation crawlspace takes how many cinder blocks	6	1581117	28.914429866429675
1353	39 x 29 foundation crawlspace takes how many cinder blocks	7	2202622	27.748716117633485
1353	39 x 29 foundation crawlspace takes how many cinder blocks	8	8180538	27.041425167564764
1353	39 x 29 foundation crawlspace takes how many cinder blocks	9	4788076	26.68487158145443
1353	39 x 29 foundation crawlspace takes how many cinder blocks	10	5581823	26.635014866506484
1384	4 seasons tree service llc in breedsville michigan reviews on yelp	1	6872353	28.843585339150806
1384	4 seasons tree service llc in breedsville michigan reviews on yelp	2	5771957	28.30776626746824
1384	4 seasons tree service llc in breedsville michigan reviews on yelp	3	6872350	27.40833404389889
1384	4 seasons tree service llc in breedsville michigan reviews on yelp	4	4412247	26.398909362821414
1384	4 seasons tree service llc in breedsville michigan reviews on yelp	5	6941843	25.473746499755784
1384	4 seasons tree service llc in breedsville michigan reviews on yelp	6	1039373	25.370038629577895
1384	4 seasons tree service llc in breedsville michigan reviews on yelp	7	1014206	25.370038629577895
1384	4 seasons tree service llc in breedsville michigan reviews on yelp	8	4412250	25.067531370917557
1384	4 seasons tree service llc in breedsville michigan reviews on yelp	9	8470451	25.008626155401764
1384	4 seasons tree service llc in breedsville michigan reviews on yelp	10	6872351	24.56005480414835
1577	61 km long and 3 km wide and average depth of 132m	1	6850832	41.49993894936622
1577	61 km long and 3 km wide and average depth of 132m	2	1805822	39.64841267001415
1577	61 km long and 3 km wide and average depth of 132m	3	7441296	36.91408657794906
1577	61 km long and 3 km wide and average depth of 132m	4	7156558	35.84154579108248
1577	61 km long and 3 km wide and average depth of 132m	5	106897	35.65172906307887
1577	61 km long and 3 km wide and average depth of 132m	6	6109186	34.85263315651749
1577	61 km long and 3 km wide and average depth of 132m	7	1805829	34.57486418568198
1577	61 km long and 3 km wide and average depth of 132m	8	4017985	33.43704308091363
1577	61 km long and 3 km wide and average depth of 132m	9	7857962	33.33692478146118
1577	61 km long and 3 km wide and average depth of 132m	10	2918511	33.04320512360779
1762	A bond is quoted as 6.5% coupon. The bondholder would receive _____ interest per year.	1	650805	46.17489303526811
1762	A bond is quoted as 6.5% coupon. The bondholder would receive _____ interest per year.	2	325212	44.13968270657331
1762	A bond is quoted as 6.5% coupon. The bondholder would receive _____ interest per year.	3	7470096	42.81280159466686
1762	A bond is quoted as 6.5% coupon. The bondholder would receive _____ interest per year.	4	325208	42.54173982768479
1762	A bond is quoted as 6.5% coupon. The bondholder would receive _____ interest per year.	5	754910	41.52433620703032
1762	A bond is quoted as 6.5% coupon. The bondholder would receive _____ interest per year.	6	4069010	40.35455640096317
1762	A bond is quoted as 6.5% coupon. The bondholder would receive _____ interest per year.	7	754908	40.19475421162249
1762	A bond is quoted as 6.5% coupon. The bondholder would receive _____ interest per year.	8	5398700	39.93973261210963
1762	A bond is quoted as 6.5% coupon. The bondholder would receive _____ interest per year.	9	754915	39.31968641719142
1762	A bond is quoted as 6.5% coupon. The bondholder would receive _____ interest per year.	10	7141027	39.225961681069705
